<?xml version="1.0"?>
<!DOCTYPE modification SYSTEM "http://www.simplemachines.org/xml/modification">
<!-- - - - - - - - - - - - - - - - - - - - - - - - - - - - - - - - - - - - - - -
	This is an example modification file for SMF packages.

	ATTENTION: If you are trying to install this manually, you should try
	the package manager.  If it will not work for you, please take a look
	at the following for information on this format:
		http://mods.simplemachines.org/docs/manual-install.php
		
		W00T!!! Smiley Limit by snork13

================================================================================

	Modification files can be used to modify files so that they do what
	your package needs them to do to work properly.

 - - - - - - - - - - - - - - - - - - - - - - - - - - - - - - - - - - - - - - -->

<modification xmlns="http://www.simplemachines.org/xml/modification" xmlns:smf="http://www.simplemachines.org/">
	<!-- This information needs to be the same as that in the package-info.xml. -->
	<id>snork13:SmileyLimit</id>
	<version>1.1</version>

	
		
<file name="$sourcedir/Post.php">
		<operation>
			<search position="before" whitespace="ignore"><![CDATA[$_POST['message'] = $func['htmlspecialchars']($_POST['message'], ENT_QUOTES);
]]></search>
			<add><![CDATA[
			if (isset($_POST['message']))
	{
		$smileyLimit = $modSettings['smileyNumber'];

		$prev = substr_count($_POST['message'], '[img') + substr_count($_POST['message'], '[IMG');
		$tempmsg = doUBBC($_POST['message'], true);
		if (substr_count($tempmsg, '<img') > ($prev + $smileyLimit))
			$post_errors[] = 'smiley_limit';
	}]]></add>
		</operation>

	</file>

	<file name="$sourcedir/ManageSmileys.php">
		<operation>
			<search position="before"><![CDATA['smileys_url' => $_POST['smiley_sets_url'],]]></search>
			<add><![CDATA[
		'smileys_url' => $_POST['smiley_sets_url'],
		'smileyNumber' => $_POST['smiley_sets_number'],]]></add>
		</operation>

	</file>
	
		<file name="$themedir/ManageSmileys.template.php">
		<operation>
			<search position="replace"><![CDATA[<tr class="windowbg2">
				<td align="right"', $context['smileys_dir_found'] ? '' : ' style="color: red"', '>', $txt['smiley_sets_base_dir'], ':</td>
				<td><input type="text" name="smiley_sets_dir" value="', $context['smileys_dir'], '" size="40" /></td>
			</tr>]]></search>
			<add><![CDATA[<tr class="windowbg2">
				<td align="right"', $context['smileys_dir_found'] ? '' : ' style="color: red"', '>', $txt['smiley_sets_base_dir'], ':</td>
				<td><input type="text" name="smiley_sets_dir" value="', $context['smileys_dir'], '" size="40" /></td>
			</tr>
			<tr class="windowbg2">
				<td align="right">', $txt['smileyMod'], ':</td>
				<td><input type="text" name="smiley_sets_number" value="', $modSettings['smileyNumber'], '" size="5" /></td>
			</tr>]]></add>
		</operation>
		
	</file>



	<file name="$themedir/languages/Post.english.php">
		<operation>
			<search position="after"><![CDATA[?>]]></search>
			<add><![CDATA[
$txt['error_smiley_limit'] = 'You can add '. $modSettings['smileyNumber'] .' smilies per post. Remove some smileys and try again.';]]></add>
		</operation>
	</file>

	<file name="$themedir/languages/ModSettings.english.php">
		<operation>
			<search position="before"><![CDATA[
$txt['karmaLabel'] = 'Karma label';
$txt['karmaApplaudLabel'] = 'Karma applaud label';
$txt['karmaSmiteLabel'] = 'Karma smite label';
]]></search>
			<add><![CDATA[
$txt['smiley'] = 'Smileys';]]></add>
		</operation>
	</file>
	
		<file name="$themedir/languages/ManageSmileys.english.php">
		<operation>
			<search position="after"><![CDATA[?>]]></search>
			<add><![CDATA[
$txt['smileyMod'] = 'Enter the number of smileys allowed';]]></add>
		</operation>
	</file>

</modification>
