<?xml version="1.0"?>
<!DOCTYPE modification SYSTEM "http://www.simplemachines.org/xml/modification">
<!-- - - - - - - - - - - - - - - - - - - - - - - - - - - - - - - - - - - - - - -
	This is an example modification file for SMF packages.

	ATTENTION: If you are trying to install this manually, you should try
	the package manager.  If it will not work for you, please take a look
	at the following for information on this format:
		http://mods.simplemachines.org/docs/manual-install.php
		
		W00T!!! Smiley Limit by snork13

================================================================================

	Modification files can be used to modify files so that they do what
	your package needs them to do to work properly.

 - - - - - - - - - - - - - - - - - - - - - - - - - - - - - - - - - - - - - - -->

<modification xmlns="http://www.simplemachines.org/xml/modification" xmlns:smf="http://www.simplemachines.org/">
	<!-- This information needs to be the same as that in the package-info.xml. -->
	<id>snork13:SmileyLimit</id>
	<version>1.1</version>

	
		
<file name="$sourcedir/Post.php">
		<operation>
			<search position="before" whitespace="ignore"><![CDATA[$_POST['message'] = $smcFunc['htmlspecialchars']($_POST['message'], ENT_QUOTES);
]]></search>
			<add><![CDATA[
			if (isset($_POST['message']))
	{
		$smileyLimit = $modSettings['smileyNumber'];

		$prev = substr_count($_POST['message'], '[img') + substr_count($_POST['message'], '[IMG');
		$tempmsg = parse_bbc($_POST['message'], true);
		if (substr_count($tempmsg, '<img') > ($prev + $smileyLimit))
			$post_errors[] = 'smiley_limit';
	}]]></add>
		</operation>

	</file>

	<file name="$sourcedir/ManageSmileys.php">
		<operation>
			<search position="before"><![CDATA[array('text', 'smileys_url'),]]></search>
			<add><![CDATA[array('text', 'smileyNumber'),]]></add>
		</operation>

	</file>
	
		<file name="$themedir/ManageSmileys.template.php">
		<operation>
			<search position="before"><![CDATA[<dt>
							<strong><label for="smiley_sets_import">', $txt['smiley_set_import_directory'], '</label>: </strong>
						</dt>
						<dd>
							<input type="checkbox" name="smiley_sets_import" id="smiley_sets_import" value="1" class="input_check" />
						</dd>';]]></search>
			<add><![CDATA[echo ' <dt>
							<strong><label>', $txt['smileyNumber'], '</label>: </strong>
						</dt>
						<dd>
							<input type="text" name="smiley_sets_number" value="', $modSettings['smileyNumber'], '" size="5" />
						</dd>';]]></add>
		</operation>
		
	</file>



	<file name="$themedir/languages/Post.english.php">
		<operation>
			<search position="after"><![CDATA[?>]]></search>
			<add><![CDATA[
$txt['error_smiley_limit'] = 'You can add '. $modSettings['smileyNumber'] .' smilies per post. Remove some smileys and try again.';]]></add>
		</operation>
	</file>

	
	
		<file name="$themedir/languages/ManageSmileys.english.php">
		<operation>
			<search position="before"><![CDATA[$txt['setting_smileys_dir'] = 'Absolute path to all smiley sets';]]></search>
			<add><![CDATA[
$txt['setting_smileyNumber'] = 'Enter the number of smileys allowed';]]></add>
		</operation>
	</file>
	

</modification>
