<?xml version="1.0"?>
<!DOCTYPE modification SYSTEM "http://www.simplemachines.org/xml/modification">
<modification xmlns="http://www.simplemachines.org/xml/modification" xmlns:smf="http://www.simplemachines.org/">

	<id>tino:FacebookLike</id>

	<version>1.1</version>
	<file name="$themedir/Display.template.php">
		<operation>
			<search position="after"><![CDATA[// Maybe they want to report this post to the moderator(s)?]]></search>
			<add><![CDATA[// Show Facebook like icon
			if (!empty($modSettings['display_facebook_like'])) {
				if ($message['id'] == $context['topic_first_message'] || !empty($modSettings['display_facebook_like_all'])) {
				echo '<iframe src="http://www.facebook.com/plugins/like.php?href=', $scripturl, '?topic=', $context['current_topic'], '&amp;layout=button_count&amp;show_faces=true&amp;width=80&amp;action=like&amp;colorscheme=light" scrolling="no" frameborder="0" style="border:none; overflow:hidden; width:80px; height:21px"></iframe>';
				}
			}
]]></add>
		</operation>
	</file>

	<file name="$sourcedir/ManageSettings.php">
		<operation>
			<search position="before"><![CDATA[
		// Mod authors, add any settings UNDER this line. Include a comma at the end of the line and don't remove this statement!!]]></search>
			<add><![CDATA[
		array('check', 'display_facebook_like'),
		array('check', 'display_facebook_like_all'),
		]]></add>
		</operation>
	</file>

	<file name="$languagedir/Modifications.english.php">
		<operation>
			<search position="end" />
			<add><![CDATA[
$txt['display_facebook_like'] = 'Show Facebook like icon in posts';
$txt['display_facebook_like_all'] = 'Show Facebook Like icon in all posts, Note Display Facebook Like has to be checked.';
]]></add>
		</operation>
	</file>

	<file name="$languagedir/Modifications.english-utf8.php" error="skip">
		<operation>
			<search position="end" />
			<add><![CDATA[
$txt['display_facebook_like'] = 'Show Facebook like icon in posts';
$txt['display_facebook_like_all'] = 'Show Facebook Like icon in all posts, Note Display Facebook Like has to be checked.';
]]></add>
		</operation>
	</file>

</modification>
