<?xml version="1.0"?>
<!DOCTYPE modification SYSTEM "http://www.simplemachines.org/xml/modification">

<modification xmlns="http://www.simplemachines.org/xml/modification" xmlns:smf="http://www.simplemachines.org/">
	<id>tino:FacebookLike</id>
	
	<version>1.1</version>
	
	<file name="$languagedir/Modifications.english.php">
	
		<operation>
			<search position="end" />
			<add><![CDATA[
$txt['display_facebook_like'] 		= 'Display Facebook Like icon?';
$txt['display_facebook_like_desc'] 	= 'Enabling this will Display the Facebook Like Icon within posts.';
$txt['display_facebook_like_all'] 	= 'Display Facebook Like icon in all posts?';
$txt['display_facebook_like_all_desc'] 	= 'Enabling this will Display the Facebook Like Icon within all posts. Note Display Facebook Like Icon has to be enabled';

]]></add>
		</operation>
	</file>

	<file name="$languagedir/Modifications.english-utf8.php" error="skip">
		<operation>
			<search position="end" />
			<add><![CDATA[
$txt['display_facebook_like'] 		= 'Display Facebook Like icon?';
$txt['display_facebook_like_desc'] 	= 'Enabling this will Display the Facebook Like Icon within posts.';
$txt['display_facebook_like_all'] 	= 'Display Facebook Like icon in all posts?';
$txt['display_facebook_like_all_desc'] 	= 'Enabling this will Display the Facebook Like Icon within all posts. Note Display Facebook Like Icon has to be enabled';
]]></add>
		</operation>
	</file>

	<file name="$themedir/Display.template.php">
		<operation>
			<search position="after"><![CDATA[// Maybe they want to report this post to the moderator(s)?]]></search>
			<add><![CDATA[// Show Facebook icon
			if (!empty($settings['display_facebook_like'])) {
				if ($message['id'] == $context['topic_first_message'] || !empty($settings['display_facebook_like_all'])) {
				echo '<iframe src="http://www.facebook.com/plugins/like.php?href=', $scripturl, '?topic=', $context['current_topic'], '&amp;layout=button_count&amp;show_faces=true&amp;width=80&amp;action=like&amp;colorscheme=light" scrolling="no" frameborder="0" style="border:none; overflow:hidden; width:80px; height:21px"></iframe>';
				}
			}
		]]></add>
		</operation>
	</file>	

	<file name="$themedir/Settings.template.php">
		<operation>
			<search position="before" whitespace="loose"><![CDATA[                array(
                        'id' => 'hide_post_group',
                        'label' => $txt['hide_post_group'],
                        'description' => $txt['hide_post_group_desc'],
                ),
]]></search>
			<add><![CDATA[
		array(
                        'id' => 'display_facebook_like',
                        'label' => $txt['display_facebook_like'],
                        'description' => $txt['display_facebook_like_desc'],
                ),
		array(
                        'id' => 'display_facebook_like_all',
                        'label' => $txt['display_facebook_like_all'],
                        'description' => $txt['display_facebook_like_all_desc'],
                ),
]]></add>
		</operation>
	</file>	

</modification>
