<?xml version="1.0"?>
<!DOCTYPE package-info SYSTEM "http://www.simplemachines.org/xml/package-info">

<package-info xmlns="http://www.simplemachines.org/xml/package-info" xmlns:smf="http://www.simplemachines.org/">
	<id>tino:FacebookLike</id>
	<name>Add Facebook Like to Posts</name>
	<version>1.1</version>

	<type>modification</type>

	<install for="1.1.0 - 1.1.99">
		<readme type="inline" parsebbc="true">
This modification will add the Facebook Like to each user's post. You can control it from the theme settings panel. 
		</readme>
		<modification>modification.xml</modification>
	</install>

	<uninstall for="1.1.0 - 1.1.99">
		<readme type="inline">This will uninstall the Facebook Like in Post modification, thanks for having used it.
Please remember to leave your thoughts on the Simple Machines Community forum at http://www.simplemachines.org.</readme>
		<modification reverse="true">modification.xml</modification>
	</uninstall>
	<type>modification</type>

	<install for="2.0 - 2.0.99">
		<readme type="inline" parsebbc="true">
This modification will add the Facebook Like to each user's post. You can control it from the theme settings panel. 
		</readme>
		<modification>modification2.xml</modification>
	</install>

	<uninstall for="2.0 - 2.0.99">
		<readme type="inline">This will uninstall the Facebook Like in Post modification, thanks for having used it.
Please remember to leave your thoughts on the Simple Machines Community forum at http://www.simplemachines.org.</readme>
		<modification reverse="true">modification2.xml</modification>
	</uninstall>
	
</package-info>

