<?xml version="1.0"?>
<!DOCTYPE modification SYSTEM "http://www.simplemachines.org/xml/modification">
<modification xmlns="http://www.simplemachines.org/xml/modification" xmlns:smf="http://www.simplemachines.org/">
	<id>rsw:emailinactive</id>
	<version>1.7</version>

	<file name="$sourcedir/ScheduledTasks.php">
		<operation>
			<search position="end" />
			<add><![CDATA[
function scheduled_email_inactive()
{
	global $smcFunc, $context, $modSettings, $scripturl, $sourcedir, $mbname, $txt;

	// Going to need this to send the emails.
	require_once($sourcedir . '/Subs-Post.php');

	$time = time();

	// Reset the emails sent for any users who have logged in since we sent the emails
	$smcFunc['db_query']('', '
		UPDATE {db_prefix}members
		SET aeiou_email = {int:aeiou_email},
			aeiou_count = {int:aeiou_count}
		WHERE last_login > aeiou_email
			AND aeiou_email > {int:aeiou_greater}',
		array(
			'aeiou_email' => 0,
			'aeiou_count' => 0,
			'aeiou_greater' => 0
		)
	);

	// Query to get next victims
	// - Must have been registered for 21 days
	// - Must not have logged in for 21 days
	// - Must not been emailed in the last 21 days
	// - Must not have been sent both initial and final emails
	// - Must not be an admin
	// - Must have standard activation (is_activated = 1)
	// - Must have an email address (NOT NULL)
	$request = $smcFunc['db_query']('', '
		SELECT id_member, email_address, member_name, real_name, aeiou_count
		FROM {db_prefix}members
		WHERE date_registered < {int:date_registered}
			AND last_login < {int:last_login}
			AND aeiou_email < {int:aeiou_email}
			AND aeiou_count < {int:aeiou_count}
			AND id_group != {int:id_group}
			AND NOT FIND_IN_SET({int:additional_groups}, additional_groups)
			AND is_activated = {int:is_activated}
			AND email_address is NOT NULL
		ORDER BY aeiou_count ASC, aeiou_email ASC, last_login ASC',
		array(
			'date_registered' => $time - 1814400,
			'last_login' => $time - 1814400,
			'aeiou_email' => $time - 1814400,
			'aeiou_count' => 2,
			'id_group' => 1,
			'additional_groups' => 1,
			'is_activated' => 1
		)
	);
	
	$returned = $smcFunc['db_num_rows']($request);

	// Variables to replace with actual strings, with preg patterns.
	// PHP4 users don't have str_ireplace, so we're using preg
	$search = array(
		'~\$username~i'.($context['utf8'] ? 'u' : ''),
		'~\$displayname~i'.($context['utf8'] ? 'u' : ''),
		'~\$forum~i'.($context['utf8'] ? 'u' : ''),
		'~\$link~i'.($context['utf8'] ? 'u' : ''),
		'~\$lostpassword~i'.($context['utf8'] ? 'u' : '')
	);

	// Now the actual sending
	$emailed = array();
	while($row = $smcFunc['db_fetch_assoc']($request))
	{
		// Initial or final email
		$which = ($row['aeiou_count'] == 0) ? 'initial' : 'final';
		
		// Custom or default message/subject?
		$message = empty($modSettings['aeiou_'.$which.'_message']) ? $txt['aeiou_default_message'] : $modSettings['aeiou_'.$which.'_message'];
		$subject = empty($modSettings['aeiou_'.$which.'_subject']) ? $txt['aeiou_default_subject'] : $modSettings['aeiou_'.$which.'_subject'];
		
		// Replace our placeholders in the message eg $username eg
		$replace = array($row['member_name'], $row['real_name'], $mbname, $scripturl, $scripturl.'?action=reminder');

		// Use preg so matches mixed case
		$message = preg_replace($search, $replace, $message);
		$subject = preg_replace($search, $replace, $subject);

		// Strip tags, special chars, and add slashes
		$message = addslashes(htmlspecialchars(strip_tags($message), ENT_QUOTES));
		$subject = addslashes(htmlspecialchars(strip_tags($subject), ENT_QUOTES));

		// Now send the mail
		sendmail($row['email_address'], $subject, $message);
		$emailed[] = $row['id_member'];
	}

	// Update each users information
	if(!empty($emailed))
		$smcFunc['db_query']('', '
			UPDATE {db_prefix}members
			SET aeiou_email = {int:aeiou_email},
				aeiou_count = aeiou_count+1
			WHERE id_member IN ({array_int:id_member})',
			array(
				'aeiou_email' => $time,
				'id_member' => $emailed
			)
		);

	// Tidy up
	$smcFunc['db_free_result']($request);

	return true;
}
]]></add>
		</operation>
	</file>

	<file name="$sourcedir/Admin.php">
		<operation>
			<search position="before"><![CDATA[
		// Mod authors if you want to be "real freaking good" then add any setting pages for your mod BELOW this line!]]></search>
			<add><![CDATA[
		array('ModifyAeiouModSettings', 'area=modsettings;sa=aeiou'),]]></add>
		</operation>
	
		<operation>
			<search position="after"><![CDATA[
						// Mod Authors for a "ADD AFTER" on this line. Ensure you end your change with a comma. For example:]]></search>
			<add><![CDATA[
						'aeiou' => array($txt['aeiou']),]]></add>
		</operation>
	</file>

	<file name="$sourcedir/ManageSettings.php">
		<operation>
			<search position="before"><![CDATA[
		// Mod authors, once again, if you have a whole section to add do it AFTER this line, and keep a comma at the end.]]></search>
			<add><![CDATA[
		'aeiou' => 'ModifyAeiouModSettings',]]></add>
		</operation>

		<operation>
			<search position="end" />
			<add><![CDATA[	
function ModifyAeiouModSettings($return_config = false)
{
	global $txt, $scripturl, $context, $settings, $sc, $modSettings, $smcFunc;

	$request = $smcFunc['db_query']('', '
		SELECT disabled
		FROM {db_prefix}scheduled_tasks
		WHERE task = {string:task}',
		array(
			'task' => 'email_inactive'
		)
	);	
	list($disabled) = $smcFunc['db_fetch_row']($request);
	$smcFunc['db_free_result']($request);

	$top = str_replace(array('{STATUS}', '{PAGE}'), array(
			'<span style="color: ' . ($disabled ? 'red' : 'green') . ';">' . $txt['aeiou_' . ($disabled ? 'disabled' : 'enabled')] . '</span>',
			'<a href="' . $scripturl . '?action=admin;area=maintain;sa=tasks">' . $txt['maintain_tasks'] . '</a>'),
			$txt['aeiou_status']) . '<br /><br />';

	if (empty($modSettings['mail_queue']))
		$top .= str_replace(array('{STATUS}', '{PAGE}'), array(
			'<span style="color: red;">' . $txt['aeiou_disabled'] . '</span>',
			'<a href="' . $scripturl . '?action=admin;area=mailqueue;sa=settings">' . $txt['mailqueue_settings'] . '</a>')
			, $txt['aeiou_mail_status']) . '<br />';

	// Now for the last 10 people emailed
	$request = $smcFunc['db_query']('', '
		SELECT id_member, member_name, aeiou_email, aeiou_count
		FROM {db_prefix}members
		WHERE aeiou_email > {int:aeiou_email}
		ORDER BY aeiou_email DESC
		LIMIT 10',
		array(
			'aeiou_email' => 0
		)
	);
		
	$bottom = '
	<table cellpadding="1" cellspacing="0" border="0" width="100%">';
	
	if($smcFunc['db_num_rows']($request) == 0)
		$bottom .= '
		<tr><td colspan="3">'.$txt['aeiou_never'].'</td></tr>';
	else
		while($row = $smcFunc['db_fetch_assoc']($request))
			$bottom .= '
		<tr>
			<td width="40%"><a href="'.$scripturl.'?action=profile;u='.$row['id_member'].'">'.$row['member_name'].'</a></td>
			<td width="40%" style="font-weight:normal;">'.timeformat($row['aeiou_email'], true).'</td>
			<td width="20%" style="font-weight:normal;">'. $txt['aeiou_'.( ($row['aeiou_count'] == 1) ? 'initial' : 'final' )].'</td>
		</tr>';

	$bottom .= '
	</table><br />';

	$smcFunc['db_free_result']($request);

	// Compile/Build some language strings/add to
	$replace = array('initial_subject' => 'subject', 'initial_message' => 'message', 'final_subject' => 'subject', 'final_message' => 'message');
	$add = '<div class="smalltext">'.$txt['aeiou_email_desc1'].'<br />'.$txt['aeiou_email_desc2'].'<br />'.$txt['aeiou_email_desc3'].'</div>';
	foreach($replace as $custom => $default)
	{
		// Add the descriptions to the txt string
		$txt['aeiou_'.$custom] = '<b>' . $txt['aeiou_'.$custom] . '</b>' . $add;
		// Use the default message if we don't have a custom one saved
		if(empty($modSettings['aeiou_'.$custom]))
			$modSettings['aeiou_'.$custom] = $txt['aeiou_default_'.$default];
	}

	$config_vars = array(
		$top,
		array('title', 'aeiou_settings'),
		array('text', 'aeiou_initial_subject', '30" style="width:95%'),
		array('large_text', 'aeiou_initial_message', '5" style="width:95%'),
		array('text', 'aeiou_final_subject', '30" style="width:95%'),
		array('large_text', 'aeiou_final_message', '5" style="width:95%'),
		'<br />',
		array('title', 'aeiou_last_emailed'),
		$bottom
	);

	if ($return_config)
		return $config_vars;

	$context['post_url'] = $scripturl . '?action=admin;area=modsettings;save;sa=aeiou';
	$context['settings_title'] = $txt['aeiou_title'];

	// Saving?
	if (isset($_GET['save']))
	{
		checkSession();
		saveDBSettings($config_vars);
		redirectexit('action=admin;area=modsettings;sa=aeiou');
	}

	prepareDBSettingContext($config_vars);
}]]></add>
		</operation>
	</file>

	<file name="$languagedir/Modifications.english.php">
		<operation>
			<search position="end" />
			<add><![CDATA[			
$txt['scheduled_task_email_inactive'] = 'Auto Email Inactive Users';
$txt['scheduled_task_desc_email_inactive'] = 'Sends out a reminder to members inactive for 21 days. <a href="' . $scripturl. '?action=admin;area=modsettings;sa=aeiou">Settings.</a>';
$txt['aeiou'] = 'Email Inactive';
$txt['aeiou_title'] = 'Auto Email Inactive Ordinary Users';
$txt['aeiou_status'] = 'AEIOU is {STATUS}. Configure it on the {PAGE} page.';
$txt['aeiou_mail_status'] = 'Mail queue is {STATUS}. This can cause performance problems.<br />Enable it on the {PAGE} page.';
$txt['aeiou_enabled'] = 'enabled';
$txt['aeiou_disabled'] = 'DISABLED';
$txt['aeiou_settings'] = 'Settings';
$txt['aeiou_initial_subject'] = 'Initial Email Subject';
$txt['aeiou_initial_message'] = 'Initial Email Message';
$txt['aeiou_final_subject'] = 'Final Email Subject';
$txt['aeiou_final_message'] = 'Final Email Message';
$txt['aeiou_email_desc1'] = 'Text-Only (No html, no bbcode)';
$txt['aeiou_email_desc2'] = 'Allowed Variables';
$txt['aeiou_email_desc3'] = '$username, $displayname, $forum, $link, $lostpassword';
$txt['aeiou_last_emailed'] = 'Last 10 Inactive Users Emailed';
$txt['aeiou_never'] = 'Never';
$txt['aeiou_initial'] = 'Initial Email';
$txt['aeiou_final'] = 'Final Email';
$txt['aeiou_default_subject'] = 'Hey $displayname';
$txt['aeiou_default_message'] = 'Hey $displayname, we have missed you at $forum.
Since its been a while, we thought we would send you a personal invitation to return.

$link

Your login username is $username.
If you have forgotten your password you can request it at $lostpassword

Regards
$forum Staff';]]></add>
		</operation>
	</file>

	<file name="$languagedir/Modifications.english-utf8.php" error="skip">
		<operation>
			<search position="end" />
			<add><![CDATA[
$txt['scheduled_task_email_inactive'] = 'Auto Email Inactive Users';
$txt['scheduled_task_desc_email_inactive'] = 'Sends out a reminder to members inactive for 21 days. <a href="' . $scripturl. '?action=admin;area=modsettings;sa=aeiou">Settings.</a>';
$txt['aeiou'] = 'Email Inactive';
$txt['aeiou_title'] = 'Auto Email Inactive Ordinary Users';
$txt['aeiou_status'] = 'AEIOU is {STATUS}. Configure it on the {PAGE} page.';
$txt['aeiou_mail_status'] = 'Mail queue is {STATUS}. This can cause performance problems.<br />Enable it on the {PAGE} page.';
$txt['aeiou_enabled'] = 'enabled';
$txt['aeiou_disabled'] = 'DISABLED';
$txt['aeiou_settings'] = 'Settings';
$txt['aeiou_initial_subject'] = 'Initial Email Subject';
$txt['aeiou_initial_message'] = 'Initial Email Message';
$txt['aeiou_final_subject'] = 'Final Email Subject';
$txt['aeiou_final_message'] = 'Final Email Message';
$txt['aeiou_email_desc1'] = 'Text-Only (No html, no bbcode)';
$txt['aeiou_email_desc2'] = 'Allowed Variables';
$txt['aeiou_email_desc3'] = '$username, $displayname, $forum, $link, $lostpassword';
$txt['aeiou_last_emailed'] = 'Last 10 Inactive Users Emailed';
$txt['aeiou_never'] = 'Never';
$txt['aeiou_initial'] = 'Initial Email';
$txt['aeiou_final'] = 'Final Email';
$txt['aeiou_default_subject'] = 'Hey $displayname';
$txt['aeiou_default_message'] = 'Hey $displayname, we have missed you at $forum.
Since its been a while, we thought we would send you a personal invitation to return.

$link

Your login username is $username.
If you have forgotten your password you can request it at $lostpassword

Regards
$forum Staff';]]></add>
		</operation>
	</file>

</modification>
