<?xml version="1.0"?>
<!DOCTYPE package-info SYSTEM "http://www.simplemachines.org/xml/package-info">
<package-info xmlns="http://www.simplemachines.org/xml/package-info" xmlns:smf="http://www.simplemachines.org/">
	<name>Auto Email Inactive Users</name>
	<id>rsw:emailinactive</id>
	<type>modification</type>
	<version>1.7</version>

	<install for="1.1.0 - 1.1.99">
		<redirect url="?action=featuresettings;sa=aeiou">redirect.txt</redirect>
		<readme type="inline">This installer is intended for SMF 1.1.x. If this is not your current version this mod may not work.</readme>
		<code>11x-dbmodify.php</code>
		<modification>11x-install.xml</modification>
	</install>
	<uninstall for="1.1.0 - 1.1.99">
		<modification reverse="true">11x-install.xml</modification>
	</uninstall>

	<install for="2.0 - 2.99.99">
		<redirect url="?action=admin;area=modsettings;sa=aeiou">redirect.txt</redirect>
		<readme type="inline">This installer is intended for SMF 2 Beta 3 / 3.1. If this is not your current version this mod may not work.</readme>
		<code>2b3-dbmodify.php</code>
		<modification>2b3-install.xml</modification>
	</install>
	<uninstall for="2.0 - 2.99.99">
		<code>2b3-dbremove.php</code>
		<modification reverse="true">2b3-install.xml</modification>
	</uninstall>

</package-info>
