<?xml version="1.0"?>
<!DOCTYPE modification SYSTEM "http://www.simplemachines.org/xml/modification">
<modification xmlns="http://www.simplemachines.org/xml/modification" xmlns:smf="http://www.simplemachines.org/">
	<id>winrules:CustomProfile</id>
	<version>3.20</version>

	<file name="$sourcedir/Profile.php">

		<operation>
			<search position="replace"><![CDATA[	$erase_options = array();]]></search>
			<add><![CDATA[	global $sourcedir;
	require_once($sourcedir . '/CustomProfile.php');
	CheckFieldInput('profile');

	$erase_options = array();]]></add>
		</operation>

	</file>

</modification>


<!--

<operation>
			<search position="replace"><![CDATA[

]]></search>
			<add><![CDATA[

]]></add>
		</operation>


-->
