<?xml version="1.0"?>
<!DOCTYPE package-info SYSTEM "http://www.simplemachines.org/xml/package-info">
<package-info xmlns="http://www.simplemachines.org/xml/package-info" xmlns:smf="http://www.simplemachines.org/">
        <name>Adk Portal</name>
        <id>lucas-ruroken:adkportal</id>
        <type>modification</type>
        <version>2.1.1</version>
		

		<install for="2.0 - 2.0.99">
			<redirect url="$scripturl?action=admin;area=adkadmin" timeout="6000">files/redirect.txt</redirect>
			<readme parsebbc="true">files/readme.txt</readme>
			<modification type="file">files/install_2.0.x.xml</modification>
			<require-dir name="adkportal" destination="$boarddir" />
			<require-dir name="Adk-downloads" destination="$boarddir" />
			<require-dir name="Sources" destination="$boarddir" />
			<require-dir name="Themes" destination="$boarddir" />
			<require-file name="files/adk-license.txt" destination="$boarddir" />
			<code>install/db_install_adkportal.php</code>
		</install>
		
		<uninstall for="2.0 - 2.0.99">
			<!-- Check our Readme and install ;) -->
			<readme parsebbc="true">files/readme.txt</readme>
            <modification type="file" reverse="true">files/install_2.0.x.xml</modification>
			<!-- Delete Our Important Files & Folders -->
			<remove-dir name="$boarddir/adkportal" />
			<remove-dir name="$boarddir/Adk-downloads" />
			<remove-file name="$boarddir/adk-license.txt" />
			<!-- Source Dir -->
			<remove-file name="$sourcedir/Adk-Admin.php" />
			<remove-file name="$sourcedir/Adk-echomodules.php" />
			<remove-file name="$sourcedir/Adk-Modules.php" />
			<remove-file name="$sourcedir/Adkportal.php" />
			<remove-file name="$sourcedir/Adk-Downloads.php" />
			<remove-file name="$sourcedir/Adk-Seo.php" />
			<remove-file name="$sourcedir/Subs-adkblocks.php" />
			<remove-file name="$sourcedir/Subs-adkfunction.php" />
			<!-- Theme Dir -->
			<remove-file name="$themedir/Adk-admin.template.php" />
			<remove-file name="$themedir/Adkportal.template.php" />
			<remove-file name="$themedir/Adk-echomodules.template.php" />
			<remove-file name="$themedir/Adk-Modules.template.php" />
			<remove-file name="$themedir/Adk-Downloads.template.php" />
			<remove-file name="$themedir/Adk-Seo.template.php" />
			<!-- Language Dir -->
			<!-- ENGLISH -->
			<remove-file name="$themedir/languages/Adk-Admin.english.php" />
			<remove-file name="$themedir/languages/Adk-Modifications.english.php" />
			<!-- SPANISH_LATIN -->
			<remove-file name="$themedir/languages/Adk-Admin.spanish_latin.php" />
			<remove-file name="$themedir/languages/Adk-Modifications.spanish_latin.php" />
			<!-- SPANISH_ES -->
			<remove-file name="$themedir/languages/Adk-Admin.spanish_es.php" />
			<remove-file name="$themedir/languages/Adk-Modifications.spanish_es.php" />
			<code>install/db_uninstall_adkportal.php</code>
        </uninstall>
		
		
		<upgrade from="2.1" for="2.0 - 2.0.99">
			<readme parsebbc="true">files/readme.txt</readme>
			<require-dir name="adkportal" destination="$boarddir" />
			<require-dir name="Adk-downloads" destination="$boarddir" />
			<require-dir name="Sources" destination="$boarddir" />
			<require-dir name="Themes" destination="$boarddir" />
		</upgrade>

		

</package-info>