<?xml version="1.0"?>
<!DOCTYPE modification SYSTEM "http://www.simplemachines.org/xml/modification">
<!-- - - - - - - - - - - - - - - - - - - - - - - - - - - - - - - - - - - - - - -
	This is an example modification file for SMF packages.

	ATTENTION: If you are trying to install this manually, you should try
	the package manager.  If it will not work for you, please take a look
	at the following for information on this format:
		http://mods.simplemachines.org/docs/manual-install.php

================================================================================

	Modification files can be used to modify files so that they do what
	your package needs them to do to work properly.

 - - - - - - - - - - - - - - - - - - - - - - - - - - - - - - - - - - - - - - -->
<modification xmlns="http://www.simplemachines.org/xml/modification" xmlns:smf="http://www.simplemachines.org/">
	<id>slammeddime:sitemap</id>
	<version>1.2.2</version>
	<file name="$boarddir/index.php" error="fatal">
		<operation error="fatal">
			<search position="after"><![CDATA[		'smileys' => array('ManageSmileys.php', 'ManageSmileys'),
]]></search>
			<add><![CDATA[		'sitemap' => array('Sitemap.php', 'ShowSiteMap'),
]]></add>
		</operation>
	</file>
	<file name="$sourcedir/ModSettings.php" error="fatal">
		<operation error="fatal">
			<search position="after"><![CDATA[			// Width/Height image reduction.
			array('int', 'max_image_width'),
			array('int', 'max_image_height'),
]]></search>
			<add><![CDATA[			array('check', 'sitemap_xml'),
			array('int', 'sitemap_topic_count'),
			array('check', 'sitemap_collapsible'),
		'',
]]></add>
		</operation>
	</file>
	<file name="$themedir/index.template.php" error="fatal">
		<operation error="fatal">
			<search position="after"><![CDATA[				</td>
				<td width="28%" valign="middle" align="', !$context['right_to_left'] ? 'left' : 'right', '">
]]></search>
			<add><![CDATA[					<span class="smalltext" style="display: inline; visibility: visible; font-family: Verdana, Arial, sans-serif;"> | <a href="'.$scripturl.'?action=sitemap">Sitemap</a></span>
]]></add>
		</operation>
	</file>
	<file name="$languagedir/Help.english.php" error="fatal">
		<operation error="fatal">
			<search position="after"><![CDATA[?>]]></search>
			<add><![CDATA[// SMF Sitemap Strings
$helptxt['sitemap_xml'] = 'When unchecked, the link to the XML sitemap will only be shown to admins.  When checked, anyone can see it.';
$helptxt['sitemap_topic_count'] = 'This is the maximum number of topics that will be displayed in the XML sitemap, as well as the pages of the sitemap.  Default is 20000 (200 pages).';
$helptxt['sitemap_collapsible'] = 'Enabling this option will collapse your child boards on the boards display of the sitemap.  Could be useful for sites with lots of child boards.';

]]></add>
		</operation>
	</file>
	<file name="$languagedir/Modifications.english.php" error="fatal">
		<operation error="fatal">
			<search position="after"><![CDATA[?>]]></search>
			<add><![CDATA[// SMF Sitemap Strings
$txt['sitemap'] = 'Sitemap';
$txt['sitemap_boards'] = 'Boards';
$txt['sitemap_xml'] = 'Show Sitemap XML link';
$txt['sitemap_topic_count'] = 'Max number of topics to display in sitemap';
$txt['sitemap_collapsible'] = 'Collapse child boards in sitemap';

]]></add>
		</operation>
	</file>
	<file name="$languagedir/Who.english.php" error="fatal">
		<operation error="fatal">
			<search position="after"><![CDATA[
$txt['whoall_collapse_collapse'] = 'Collapsing a category.';
$txt['whoall_collapse_expand'] = 'Expanding a category.';
]]></search>
			<add><![CDATA[$txt['whoall_sitemap'] = 'Viewing the <a href="' . $scripturl . '?action=sitemap">Sitemap</a>.';
]]></add>
		</operation>
	</file>
	<file name="$themedir/style.css" error="fatal">
		<operation error="fatal">
			<search position="after"><![CDATA[/* Normal, standard links. */
a:link
{
]]></search>
			<add><![CDATA[/* Style for Sitemap */
.showSwitch {
	display: block;
}
.hideSwitch {
	display: none;
}

]]></add>
		</operation>
	</file>
	<!-- French Language Translation -->
	<file name="$languagedir/Help.french.php" error="skip">
		<operation error="fatal">
		  <search position="after"><![CDATA[?>]]></search>
		  <add><![CDATA[// SMF Sitemap Strings
		$helptxt['sitemap_xml'] = 'Non coch&eacute; : le lien pour le sitemap en XML sera montr&eacute; aux admins seulement. Coch&eacute; : Tout le monde peut le voir.';
		$helptxt['sitemap_topic_count'] = 'Nombre maximum de topics qui seront affich&eacute;s dans le sitemap XML, ainsi que le nombre de pages du sitemap. La valeur par d&eacute;faut est 20000 (200 pages).';
		$helptxt['sitemap_collapsible'] = 'Activer cette option r&eacute;duira les sous-forums sur le sitemap XML. Peut &ecirc;tre utile pour les forums ayant beaucoup de sous-forums.';

]]></add>
		</operation>
	</file>
	<file name="$languagedir/Modifications.french.php" error="skip">
		<operation error="fatal">
		  <search position="after"><![CDATA[?>]]></search>
		  <add><![CDATA[// SMF Sitemap Strings
		$txt['sitemap'] = 'Sitemap';
		$txt['sitemap_boards'] = 'Forums';
		$txt['sitemap_xml'] = 'Montrer le lien vers le sitemap XML';
		$txt['sitemap_topic_count'] = 'Nombre maximum de topics &agrave; afficher dans le sitemap';
		$txt['sitemap_collapsible'] = 'R&eacute;duire les sous-forums dans le sitemap';

]]></add>
		</operation>
	</file>
	<file name="$languagedir/Who.french.php" error="skip">
		<operation error="fatal">
		  <search position="after"><![CDATA[
		$txt['whoall_collapse_collapse'] = 'R&eacute;tracte une cat&eacute;gorie.';
		$txt['whoall_collapse_expand'] = 'D&eacute;veloppe une cat&eacute;gorie.';
]]></search>
		  <add><![CDATA[$txt['whoall_sitemap'] = 'Vous visualisez actuellement le <a href="' . $scripturl . '?action=sitemap">Sitemap</a>.';
]]></add>
		</operation>
	</file>
</modification>