<?xml version="1.0"?>
<!DOCTYPE modification SYSTEM "http://www.simplemachines.org/xml/modification">
<modification xmlns="http://www.simplemachines.org/xml/modification" xmlns:smf="http://www.simplemachines.org/">
	<id>lucas-ruroken:adkportal</id>
	<version>2.1.1</version>
	<file name="$sourcedir/Subs.php">
		<operation>
			<search position="replace"><![CDATA[
	foreach (array_reverse($context['template_layers']) as $layer)
]]></search>
			<add><![CDATA[
	//Load Adkportal
	if(function_exists('loadCBottom'))loadCBottom();
	
	foreach (array_reverse($context['template_layers']) as $layer)
]]></add>
		</operation>
		
		<operation>
			<search position="replace"><![CDATA[
	}

	if (isset($settings['use_default_images']) && $settings['use_default_images'] == 'defaults' && isset($settings['default_template']))
]]></search>
			<add><![CDATA[
	}
	
	//Load Adkportal
	if(function_exists('loadCTop'))loadCTop();
	
	if (isset($settings['use_default_images']) && $settings['use_default_images'] == 'defaults' && isset($settings['default_template']))
]]></add>
		</operation>
		<operation>
			<search position="replace"><![CDATA[
	$showed_banned = false;
]]></search>
			<add><![CDATA[
	$showed_banned = false;
	
	//Adkportal
	$context['html_headers'] .= rewrite_context_html_headers();
]]></add>
		</operation>
		<operation>
			<search position="replace"><![CDATA[
			'home' => array(
				'title' => $txt['home'],
				'href' => $home_url,
				'show' => true,
				'sub_buttons' => array(
				),
				'is_last' => $context['right_to_left'],
				// 'target' => '_blank',
			),
			'forum' => array(
				'title' => !empty($txt['foro']) ? $txt['foro'] : 'Forum',
				'href' => $adkportal['adk_enable'] == 2 ? $scripturl : $scripturl . '?action=forum',
				'show' => !empty($adkportal['adk_enable']),
				'sub_buttons' => array(
				),
			),
			'downloads' => array(
				'title' => $txt['downloads'],
				'href' => $scripturl . '?action=downloads',
				'show' => $adkportal['download_enable'] && allowedTo('adk_downloads_view'),
				'sub_buttons' => array(
				),
			),
]]></search>
			<add><![CDATA[
			'home' => array(
				'title' => $txt['home'],
				'href' => $scripturl,
				'show' => true,
				'sub_buttons' => array(
				),
				'is_last' => $context['right_to_left'],
			),
]]></add>
		</operation>
		<operation>
			<search position="replace"><![CDATA[
					'permissions' => array(
						'title' => $txt['edit_permissions'],
						'href' => $scripturl . '?action=admin;area=permissions',
						'show' => allowedTo('manage_permissions'),
						//'is_last' => true, (Remove Last)
					),
					'adkportal' => array(
						'title' => !empty($txt['adk_portal']) ? $txt['adk_portal'] : 'Adk Portal',
						'href' => $scripturl . '?action=admin;area=adkadmin',
						'show' => allowedTo('adk_portal'),
						'is_last' => true,
					),
]]></search>
			<add><![CDATA[
					'permissions' => array(
						'title' => $txt['edit_permissions'],
						'href' => $scripturl . '?action=admin;area=permissions',
						'show' => allowedTo('manage_permissions'),
						'is_last' => true,
					),
]]></add>
		</operation>
	</file>
	<file name="$boarddir/index.php">
		<operation>
			<search position="replace"><![CDATA[
		'forum' => array('BoardIndex.php', 'BoardIndex'),
		'portal' => array('Adkportal.php', 'Adkportal'),
		'downloads' => array('Adk-Downloads.php','ShowDownloads'),
		'addthistopic' => array('Adk-Admin.php','AddThisTopic'),
		'adk_shoutbox' => array('Adk-echomodules.php','ShowShoutbox'),
		'who' => array('Who.php', 'Who'),
]]></search>
			<add><![CDATA[
		'who' => array('Who.php', 'Who'),
]]></add>
		</operation>
	</file>
	
	<file name="$sourcedir/Admin.php">
	<operation>
		<search position="before"><![CDATA[
		'adk_portal' => array(
			'title' => !empty($txt['adk_portal']) ? $txt['adk_portal'] : 'Adk Portal',
			'permission' => array('adk_portal'),
			'areas' => array(
				'adkadmin' => array(
					'label' => !empty($txt['adk_portal']) ? $txt['adk_portal'] : 'Adk Portal',
					'file' => 'Adk-Admin.php',
					'function' => 'AdkAdmin',
					'icon' => 'label0.png',
					'permission' => array('adk_portal'),
					'subsections' => array(
						'view' => array(!empty($txt['adk_news_news']) ? $txt['adk_news_news'] : 'News'),
						'adksettings' => array(!empty($txt['opcion_adk']) ? $txt['opcion_adk'] : 'Settings'),
						'manageicons' => array(!empty($txt['adk_manage_icons']) ? $txt['adk_manage_icons'] : 'Icons'),
					),
				),
				'blocks' => array(
					'label' => $txt['blocks_settings_admin'],
					'file' => 'Adk-Admin.php',
					'function' => 'AdkBlocksGeneral',
					'icon' => 'posts.gif',
					'permission' => array('adk_portal'),
					'subsections' => array(
						'viewblocks' => array(!empty($txt['bloques']) ? $txt['bloques'] : 'Blocks'),
						'settingsblocks' => array($txt['adk_settings_blocks']),
						'newblocks' => array(!empty($txt['crear_block']) ? $txt['crear_block'] : 'Create Block'),
						'uploadblock' => array(!empty($txt['adk_upload_yourBlock']) ? $txt['adk_upload_yourBlock'] : 'Upload Block'),
						'createnews' => array(!empty($txt['nueva_noticia']) ? $txt['nueva_noticia'] : 'Create News'),
						'shoutbox' => array(!empty($txt['adk_shout']) ? $txt['adk_shout'] : 'ShoutBox'), 
					),
				),
				'modules' => array(
					'label' => !empty($txt['adk_modules_admin']) ? $txt['adk_modules_admin'] : 'Modules',
					'file' => 'Adk-Modules.php',
					'function' => 'AdkModules',
					'icon' => 'label1.png',
					'permission' => array('adk_portal'),
					'subsections' => array(
						'intro' => array(!empty($txt['adk_modules_intro']) ? $txt['adk_modules_intro'] : 'Intro'),
						'viewadminpages' => array(!empty($txt['adk_admin_pages']) ? $txt['adk_admin_pages'] : 'Pages'),
						'uploadanyimage' => array(!empty($txt['advanced_block_images']) ? $txt['advanced_block_images'] : 'Adv Images'),
						'manageimagesadk' => array(!empty($txt['adk_manage_images']) ? $txt['adk_manage_images'] : 'Manage images'),
					),
				),
				'adkdownloads' => array(
					'label' => 'E. Download System',
					'file' => 'Adk-Downloads.php',
					'function' => 'ShowDownloadsMainAdmin',
					'icon' => 'label2.png',
					'subsections' => array(
						'settings' => array($txt['adk_settings']),
						'addcategory' => array($txt['add_category']),
						'allcategories' => array($txt['categories']),
						'approvedownloads' => array($txt['adk_approve']),
					),
				),
				'adkseoadmin' => array(
					'label' => $txt['seo_manage_title'],
					'file' => 'Adk-Seo.php',
					'function' => 'AdkSeoMain',
					'icon' => 'label3.png',
					'subsections' => array(
						'htaccess' => array($txt['seo_create_htaccess']),
						'settings' => array($txt['adk_settings']),
						'robotstxt' => array($txt['seo_create_robotstxt']),
					),
				),
			),
		),
]]></search>
		<add><![CDATA[]]></add>
	</operation>
	</file>
	<file name="$themedir/index.template.php">
		<operation>
			<search position="replace"><![CDATA[<head>';
if(function_exists('loadColpaseAdkportal'))loadColpaseAdkportal();
echo']]></search>
			<add><![CDATA[<head>]]></add>
		</operation>
		<operation>
			<search position="replace"><![CDATA[
		if(function_exists('loadCTop'))loadCTop();
}

function template_body_below()
{
	if(function_exists('loadCBottom'))loadCBottom();
]]></search>
			<add><![CDATA[
}

function template_body_below()
{
]]></add>
		</operation>
		
	</file>
			
	<file name="$themedir/Display.template.php">
		<operation>
			<search position="replace"><![CDATA[
	$normal_buttons = array(
		'addthistopic' => array('test' => 'adk_portal', 'text' => 'adk_'.$string.'_this_topic', 'image' => 'reply.gif', 'lang' => true, 'url' => $scripturl . '?action=addthistopic;'.$string.'=' . $context['current_topic']),
]]></search>
			<add><![CDATA[
	$normal_buttons = array(
]]></add>
		</operation>
	</file>
</modification>
