<?xml version="1.0"?>
<!DOCTYPE modification SYSTEM "http://www.simplemachines.org/xml/modification">
<!-- - - - - - - - - - - - - - - - - - - - - - - - - - - - - - - - - - - - - - -

	ATTENTION: If you are trying to install this manually, you should try
	the package manager.  If it will not work for you, please take a look
	at the following for information on this format:
		http://mods.simplemachines.org/docs/manual-install.php

 - - - - - - - - - - - - - - - - - - - - - - - - - - - - - - - - - - - - - - -->

<modification xmlns="http://www.simplemachines.org/xml/modification" xmlns:smf="http://www.simplemachines.org/">
	<id>username:Kays:admin_memList_regDate</id>
	<version>1.1</version>

	<file name="$sourcedir/ManageMembers.php">
		<operation>
			<search position="before"><![CDATA[
		'lastLogin' => array('label' => $txt['viewmembers_online']),]]></search>
			<add><![CDATA[
		'dateRegistered' => array('label' => $txt[233]),]]></add>
		</operation>

		<operation>
			<search position="before"><![CDATA[
	$request = db_query("
		SELECT ID_MEMBER, memberName, realName, emailAddress, memberIP, lastLogin, posts, is_activated]]></search>
			<add><![CDATA[
				, dateRegistered]]></add>
		</operation>
		<operation>
			<search position="before"><![CDATA[
			'href' => $scripturl . '?action=profile;u=' . $row['ID_MEMBER'],]]></search>
			<add><![CDATA[
			'dateRegistered' => strftime('%Y-%m-%d', $row['dateRegistered']),]]></add>
		</operation>
	</file>

	<file name="$themedir/ManageMembers.template.php">
		<operation>
			<search position="replace"><![CDATA[
				<td align="left" colspan="8">
					<b>', $txt[139], ':</b> ', $context['page_index'], ']]></search>
			<add><![CDATA[
				<td align="left" colspan="9">
					<b>', $txt[139], ':</b> ', $context['page_index'], ']]></add>
		</operation>
		<operation>
			<search position="replace"><![CDATA[
				<td class="windowbg" colspan="8">(', $txt['search_no_results'], ')</td>]]></search>
			<add><![CDATA[
				<td class="windowbg" colspan="9">(', $txt['search_no_results'], ')</td>]]></add>
		</operation>
		<operation>
			<search position="after"><![CDATA[
				<td class="windowbg2">
					', $member['posts'], ']]></search>
			<add><![CDATA[
				<td class="windowbg2" align="center">
					', $member['dateRegistered'], '
				</td>]]></add>
		</operation>
		<operation>
			<search position="replace"><![CDATA[
				<td class="windowbg2" align="right" colspan="8">', $context['can_delete_members'] ? ']]></search>
			<add><![CDATA[
				<td class="windowbg2" align="right" colspan="9">', $context['can_delete_members'] ? ']]></add>
		</operation>
		
	</file>
</modification>
