<?xml version="1.0"?>
<!DOCTYPE modification SYSTEM "http://www.simplemachines.org/xml/modification">
<!-- - - - - - - - - - - - - - - - - - - - - - - - - - - - - - - - - - - - - - -

	ATTENTION: If you are trying to install this manually, you should try
	the package manager.  If it will not work for you, please take a look
	at the following for information on this format:
		http://mods.simplemachines.org/docs/manual-install.php

 - - - - - - - - - - - - - - - - - - - - - - - - - - - - - - - - - - - - - - -->

<modification xmlns="http://www.simplemachines.org/xml/modification" xmlns:smf="http://www.simplemachines.org/">
	<id>username:Kays:admin_memList_regDate</id>
	<version>1.1</version>

	<file name="$sourcedir/ManageMembers.php">
		<operation>
			<search position="after"><![CDATA[			'posts' => array(
				'header' => array(]]></search>
			<add><![CDATA[			'reg_date' => array(
				'header' => array(
					'value' => $txt['date_registered'],
				),
				'data' => array(
					'function' => create_function('$rowData', '
						return date("Y-m-d", $rowData[\'date_registered\']);
					'),
					'style' => 'text-align: center;',
				),
				'sort' =>  array(
					'default' => 'date_registered',
					'reverse' => 'date_registered DESC',
				),
			),
]]></add>
		</operation>
	</file>

</modification>
