<?xml version="1.0"?>
<!DOCTYPE package-info SYSTEM "http://www.simplemachines.org/xml/package-info">
<!-- - - - - - - - - - - - - - - - - - - - - - - - - - - - - - - - - - - - - - -
Name: Delete Spam Posts
Author: Kays
- - - - - - - - - - - - - - - - - - - - - - - - - - - - - -
Description: 

This mod will add an additional column to the members list in the Admin Control Panel
showing the member's registered date.

 - - - - - - - - - - - - - - - - - - - - - - - - - - - - - - - - - - - - - - -->

<package-info xmlns="http://www.simplemachines.org/xml/package-info" xmlns:smf="http://www.simplemachines.org/">
	<id>username:Kays:admin_memList_regDate</id>
	<name>Admin member list registration date</name>
	<version>1.1</version>

	<type>modification</type>
	<install for="1.1.1 - 1.1.99">
		<readme>readme.txt</readme>
		<modification>install_11.xml</modification>
	</install>

	<uninstall for="1.1.1 - 1.1.99">
		<modification reverse="true">install_11.xml</modification>
	</uninstall>

	<type>modification</type>
	<install for="2.0 RC1.2, 2.0 RC2, 2.0 RC3">
		<readme>readme.txt</readme>
		<modification>install_20.xml</modification>
	</install>

	<uninstall for="2.0 RC1.2, 2.0 RC2, 2.0 RC3">
		<modification reverse="true">install_20.xml</modification>
	</uninstall>
</package-info>
