<?xml version="1.0"?>
<!DOCTYPE modification SYSTEM "http://www.simplemachines.org/xml/modification">
<!-- - - - - - - - - - - - - - - - - - - - - - - - - - - - - - - - - - - - - - -

	ATTENTION: If you are trying to install this manually, you should try
	the package manager.  If it will not work for you, please take a look
	at the following for information on this format:
		http://mods.simplemachines.org/docs/manual-install.php

================================================================================

	Name: Custom Permissions
	Author: Kays
 - - - - - - - - - - - - - - - - - - - - - - - - - - - - - - - - - - - - - - -->
<modification xmlns="http://www.simplemachines.org/xml/modification" xmlns:smf="http://www.simplemachines.org/">
	<!-- This information needs to be the same as that in the package-info.xml. -->
	<id>Kays:CustomPermissions</id>
	<version>1.0.0</version>

	<file name="$sourcedir/Admin.php">
		<operation>
			<search position="before"><![CDATA['profiles' => array($txt['permissions_profiles'], 'manage_permissions'),
						'postmod' => array($txt['permissions_post_moderation'], 'manage_permissions', 'enabled' => $modSettings['postmod_active']),]]></search>
			<add><![CDATA[
						'custom' => array($txt['custom_permissions'], 'admin_forum'),]]></add>
		</operation>
	</file>
	<file name="$sourcedir/ManagePermissions.php">
		<operation>
			<search position="before"><![CDATA[
		'settings' => array('GeneralPermissionSettings', 'admin_forum'),]]></search>
			<add><![CDATA[
		'custom' => array('CustomPermissionSettings', 'admin_forum'),
		'custom2' => array('CustomPermissionSettings2', 'admin_forum'),]]></add>
		</operation>
		<operation>
			<search position="after"><![CDATA[
			'settings' => array(
				'description' => $txt['permission_settings_desc'],
			),]]></search>
			<add><![CDATA[
			'custom' => array(
				'description' => $txt['permissions_custom_desc'],
			),]]></add>
		</operation>
		<operation>
			<search position="after"><![CDATA[	$context['permissions'] = array();
]]></search>
			<add><![CDATA[	// Custom permissions mod
	if (!empty($modSettings['custom_permissions']))
	{
		$permissions = unserialize($modSettings['custom_permissions']);
		foreach ($permissions as $value)
		{
			$txt['permissionname_' . $value['permission']] = $value['description'];
			$permissionList['membergroup'] = array_merge($permissionList['membergroup'], array($value['permission'] => array(false, 'custom', 'view_basic_info')));
		}
	}
	// End custom permissions mod

]]></add>
		</operation>
		<operation>
			<search position="end" />
			<add><![CDATA[
// Custom permissions mod
function CustomPermissionSettings()
{
	global $context, $modSettings, $sourcedir, $txt, $scripturl, $smcFunc;

	isAllowedTo('admin_forum');

	if (!isset($modSettings['custom_permissions']))
		$context['custom'] = array();
	else
		$context['custom'] = unserialize($modSettings['custom_permissions']);

	// Are we adding a new permission?
	if (isset($_POST['create']))
	{
		checkSession('post');

		$_POST['permission'] = preg_replace('#[^A-z0-9_]#', '_', trim($_POST['permission'])); 
		$_POST['permission'] = preg_replace('#(_)+#', '_', $_POST['permission']);
		$_POST['desc'] = htmlspecialchars(stripslashes($_POST['desc']), ENT_QUOTES);
		
		if (empty($_POST['permission']) || empty($_POST['desc']))
			fatal_lang_error('custom_permission_error_1', false);

		if (is_numeric($_POST['permission']) || strlen($_POST['permission']) <= 4)
			fatal_lang_error('custom_permission_error_2', false);
			
		if (strlen($_POST['permission']) > 24)
			$_POST['permission'] = substr($_POST['permission'], 0, 24);
		
		// Check if it's an existing custom permission.
		loadAllPermissions();
		foreach ($context['permissions'] as $permissionType)
		{
			foreach ($permissionType['columns'] as $column)
			{
				foreach ($column as $permissionGroup)
				{
					foreach ($permissionGroup['permissions'] as $perm)
					{
						if ($perm['id'] == $_POST['permission'] || $perm['own']['id'] == $_POST['permission'] || $perm['any']['id'] == $_POST['permission'])
							fatal_lang_error('custom_permission_error_3', false);
					}
				}
			}
		}

		$context['custom'] = array_reverse($context['custom']);

		$exists = isset($context['custom'][$_POST['permission']]['permission']) ? true : false;
		if (!$exists)
			$context['custom'][$_POST['permission']]['permission'] = $_POST['permission'];

		$context['custom'][$_POST['permission']]['description'] = $_POST['desc'];

		$context['custom'] = array_reverse($context['custom']);
		$serialized = serialize($context['custom']);
		updateSettings(array('custom_permissions' => $serialized));
		redirectexit('action=admin;area=permissions;sa=custom' . ($exists ? '' : '2;perm=' . $_POST['permission']));
	}

	//Or maybe deleting?
	if (isset($_POST['delete']) && !empty($_POST['delete_custom']))
	{
		checkSession('post');
		
		if (!is_array($_POST['delete_custom']))
			die('Hacking Attempt');

		$temp = array();
		$delete_array = array();
		foreach ($context['custom'] as $value)
		{
			if (in_array($value['permission'], $_POST['delete_custom']))
				$delete_array[] = $value['permission'];
			else
				$temp[$value['permission']] = array(
					'permission' => $value['permission'],
					'description' => $value['description'],
				);
		}

		$serialized = serialize($temp);
		updateSettings(array('custom_permissions' => $serialized));

		// Delete those permissions from the permisions table also.
		$smcFunc['db_query']('', '
			DELETE FROM {db_prefix}permissions
			WHERE permission IN ({array_string:delete_list})',
			array(
				'delete_list' => $delete_array,
			)
		);

		// And just in case any made it into the board_permissions table.
		$smcFunc['db_query']('', '
			DELETE FROM {db_prefix}board_permissions
			WHERE permission IN ({array_string:delete_list})',
			array(
				'delete_list' => $delete_array,
			)
		);

		redirectexit('action=admin;area=permissions;sa=custom');
	}

	$context['page_title'] = $txt['custom_permission_manage_title'];
	$context['sub_template'] = 'custom_permissions';
	$context['post_url'] = $scripturl . '?action=admin;area=permissions;save;sa=custom';
}

function CustomPermissionSettings2()
{
	global $context, $modSettings, $sourcedir, $txt, $scripturl;

	isAllowedTo('admin_forum');
	$perm_array = unserialize($modSettings['custom_permissions']);

	$exists = false;
	foreach($perm_array as $perm)
	{
		if ($perm['permission'] == $_GET['perm'])
		{
			$txt['permissionname_' . $perm['permission']] = $perm['description'];
			$config_array = array('permissions', $perm['permission'], 0, $perm['description'] . ' / allowedTo(\'' . $perm['permission'] . '\')');
			$exists = true;
			break;
		}
	}
	if (!$exists)
		die('Hacking Attempt!!');

	$config_vars = array(
		$config_array,
	);

	require_once($sourcedir . '/ManageServer.php');

	$context['page_title'] = $txt['custom_permission_enable_title'];
	$context['sub_template'] = 'show_settings';
	$context['post_url'] = $scripturl . '?action=admin;area=permissions;save;sa=custom2;perm=' . $perm['permission'];
	$context['settings_title'] = $txt['custom_permission_enable_title'];
	$context['settings_message'] = $txt['custom_permission_enable_message'];

	if (isset($_GET['save']))
	{
		checkSession();
		$save_vars = $config_vars;
		saveDBSettings($save_vars);

		redirectexit('action=admin;area=permissions;sa=custom');
	}

	prepareDBSettingContext($config_vars);
}
// End custom permissions mod.

]]></add>
		</operation>
	</file>
	<file name="$themedir/ManagePermissions.template.php">
		<operation>
			<search position="end" />
			<add><![CDATA[
// Added for Custom permissions mod.
function template_custom_permissions()
{
	global $context, $settings, $options, $scripturl, $txt, $modSettings;

	echo '
	<div id="admincenter">
		<div class="title_bar">
			<h3 class="titlebg">', $txt['custom_permission_manage_title'], '</h3>
		</div>
		<br />
		<form name="add_custom" action="', $scripturl, '?action=admin;area=permissions;sa=custom" method="post" accept-charset="', $context['character_set'], '">
			<div class="cat_bar">
				<h3 class="catbg">', $txt['custom_permission_new'], '</h3>
			</div>
			<div class="windowbg">
				<span class="topslice"><span></span></span>
				<div class="content">
					<dl class="settings">
						<dt>
							<strong>', $txt['custom_permission_name'], ':</strong>
						</dt>
						<dd>
							<input type="text" name="permission" value="" class="input_text" size="35" />
						</dd>
						<dt>
							<strong>', $txt['custom_permission_desc'], ':</strong>
						</dt>
						<dd>
							<input type="text" name="desc" value="" class="input_text" size="35" />
						</dd>
					</dl>
					<hr />
					<div class="righttext">
						<input type="hidden" name="', $context['session_var'], '" value="', $context['session_id'], '" />
						<input type="submit" name="create" value="', $txt['custom_permission_add'], '" class="button_submit" />
					</div>
				</div>
				<span class="botslice"><span></span></span>
			</div>
		</form>';
		
	if (!empty($context['custom']))
	{
		echo '
		<br />
		<form action="', $scripturl, '?action=admin;area=permissions;sa=custom" method="post" accept-charset="', $context['character_set'], '">
			<table width="100%" class="table_grid">
				<thead>
					<tr class="catbg" align="left">
						<th class="first_th">', $txt['custom_permission_name'], '</th>
						<th>', $txt['custom_permission_usage'], '</th>
						<th>', $txt['custom_permission_desc'], '</th>
						<th class="last_th" width="5%">', $txt['delete'], '</th>
					</tr>
				</thead>
				<tbody>';

		$alternate = false;
		foreach ($context['custom'] as $custom)
		{
			echo '
					<tr class="', $alternate ? 'windowbg' : 'windowbg2', '">
						<td><a href="', $scripturl, '?action=admin;area=permissions;sa=custom2;perm=',  $custom['permission'], '">', $custom['permission'], '</a>
						</td>
						<td>allowedTo(\'', $custom['permission'], '\')
						</td>
						<td>
							<div class="smalltext floatright"><a href="javascript:void(0);" onclick="replaceText(\'', $custom['permission'], '\', document.forms.add_custom.permission); return false;">[', $txt['custom_permission_edit'], ']</a></div>
							<div class="floatleft">', $custom['description'], '</div>
						</td>
						<td align="center">
							<input type="checkbox" name="delete_custom[]" value="', $custom['permission'], '" class="input_check" />
						</td>
					</tr>';
			$alternate = !$alternate;
		}

		echo '
				</tbody>
			</table>
			<div class="righttext padding">
				<input type="hidden" name="', $context['session_var'], '" value="', $context['session_id'], '" />';

		echo '
				<input type="submit" name="delete" value="', $txt['quickmod_delete_selected'], '" class="button_submit" />
			</div>
		</form>

	</div>
	<br class="clear" />';
	}
}
// End custom permissions mod.

]]></add>
		</operation>
	</file>
</modification>
