<?xml version="1.0"?>
<!DOCTYPE modification SYSTEM "http://www.simplemachines.org/xml/modification">
<!-- - - - - - - - - - - - - - - - - - - - - - - - - - - - - - - - - - - - - - -

	ATTENTION: If you are trying to install this manually, you should try
	the package manager.  If it will not work for you, please take a look
	at the following for information on this format:
		http://mods.simplemachines.org/docs/manual-install.php

================================================================================

	Name: Custom Permissions
	Author: Kays

--------------------------------------------------------------------------------
This mod will allow you to create custom permissions. Custom permissions can be 
used when one is scripting to include or exclude member groups from doing 
certain actions or viewing certain pages.
 - - - - - - - - - - - - - - - - - - - - - - - - - - - - - - - - - - - - - - -->
<modification xmlns="http://www.simplemachines.org/xml/modification" xmlns:smf="http://www.simplemachines.org/">
	<id>Kays:CustomPermissions</id>
	<version>1.0.0</version>

	<file name="$sourcedir/ManagePermissions.php">
		<operation>
			<search position="before"><![CDATA[
		'switch' => array('SwitchBoard', 'manage_permissions'),]]></search>
			<add><![CDATA[
		'custom' => array('CustomPermissionSettings', 'admin_forum'),
		'custom2' => array('CustomPermissionSettings2', 'admin_forum'),]]></add>
		</operation>

		<operation>
			<search position="after"><![CDATA[
	if (allowedTo('admin_forum'))
		$context['admin_tabs']['tabs']['settings'] = array(]]></search>
			<add><![CDATA[
	// Custom permissions mod
	if (allowedTo('admin_forum'))
		$context['admin_tabs']['tabs']['custom'] = array(
			'title' => $txt['custom_permissions'],
			'description' => $txt['permissions_custom_desc'],
			'href' => $scripturl . '?action=permissions;sa=custom',
			'is_selected' => $_REQUEST['sa'] == 'custom' || $_REQUEST['sa'] == 'custom2',
		);
	// End custom permissions mod
]]></add>
		</operation>

		<operation>
			<search position="after"><![CDATA[
	$permissionList = array(]]></search>
			<add><![CDATA[
	// Custom Permissions mod.
	global $modSettings;
	$custom = array();
	if (!empty($modSettings['custom_permissions']))
	{
		$permissions = unserialize($modSettings['custom_permissions']);
		foreach ($permissions as $value)
		{
			$txt['permissionname_' . $value['permission']] = $value['description'];
			$custom += array($value['permission'] => false);
		}
	}
	// End Custom Permissions mod.
]]></add>
		</operation>

		<operation>
			<search position="replace"><![CDATA['profile_remote_avatar' => false,
			)]]></search>
			<add><![CDATA['profile_remote_avatar' => false,
			),
			'custom' => $custom]]></add>
		</operation>

		<operation>
			<search position="after"><![CDATA[
	// All permission groups that will be shown in the left column.]]></search>
			<add><![CDATA[
	// Custom permissions mod
	if (isset($context['load_permissions']))
	{
		$context['permission_list'] = array_merge($permissionList['membergroup'], $permissionList['board']);
		$context['non_guest_permissions'] = $non_guest_permissions;
	}
	// End custom permissions mod
]]></add>
		</operation>

		<operation>
			<search position="end" />
			<add><![CDATA[
// Custom permissions mod
function CustomPermissionSettings()
{
	global $context, $modSettings, $sourcedir, $txt, $scripturl, $db_prefix;

	isAllowedTo('admin_forum');
	
	if (!isset($modSettings['custom_permissions']))
		$context['custom'] = array();
	else
		$context['custom'] = unserialize($modSettings['custom_permissions']);

	loadAllPermissions();

	// Are we adding or editing a permission?
	if (isset($_POST['create']))
	{
		checkSession('post');

		// Remove any non-alpha-numeric characters from the name.
		$_POST['permission'] = preg_replace('#[^A-z0-9_]#', '_', trim($_POST['permission'])); 
		$_POST['permission'] = preg_replace('#(_)+#', '_', $_POST['permission']);
		$_POST['desc'] = htmlspecialchars(stripslashes($_POST['desc']), ENT_QUOTES);
		
		if (empty($_POST['permission']) || empty($_POST['desc']))
			fatal_lang_error('custom_permission_error_1', false);

		if (is_numeric($_POST['permission']) || strlen($_POST['permission']) <= 4)
			fatal_lang_error('custom_permission_error_2', false);
		
		if (strlen($_POST['permission']) > 24)
			$_POST['permission'] = substr($_POST['permission'], 0, 24);
		
		// Check if it's an existing custom permission.
		foreach ($context['permissions'] as $permissionType)
		{
			foreach ($permissionType['columns'] as $column)
			{
				foreach ($column as $permissionGroup)
				{
					foreach ($permissionGroup['permissions'] as $perm)
					{
						if ($perm['id'] == $_POST['permission'] || $perm['own']['id'] == $_POST['permission'] || $perm['any']['id'] == $_POST['permission'])
							fatal_lang_error('custom_permission_error_3', false);
					}
				}
			}
		}

		$context['custom'] = array_reverse($context['custom']);

		$exists = isset($context['custom'][$_POST['permission']]['permission']) ? true : false;
		if (!$exists)
			$context['custom'][$_POST['permission']]['permission'] = $_POST['permission'];
		$context['custom'][$_POST['permission']]['description'] = $_POST['desc'];

		$context['custom'] = array_reverse($context['custom']);
		$serialized = serialize($context['custom']);
		updateSettings(array('custom_permissions' => $serialized));
		redirectexit('action=permissions;sa=custom' . ($exists ? '' : '2;perm=' . $_POST['permission']));
	}

	//Or maybe deleting?
	if (isset($_POST['delete']) && !empty($_POST['delete_custom']))
	{
		checkSession('post');
		
		if (!is_array($_POST['delete_custom']))
			die('Hacking Attempt!');

		$temp = array();
		$delete_array = array();
		foreach ($context['custom'] as $value)
		{
			if (in_array($value['permission'], $_POST['delete_custom']))
				$delete_array[] = $value['permission'];
			else
				$temp[$value['permission']] = array(
					'permission' => $value['permission'],
					'description' => $value['description'],
				);
		}

		$serialized = serialize($temp);
		updateSettings(array('custom_permissions' => $serialized));

		// We should delete those permissions from the permisions table also.
		db_query("
			DELETE FROM {$db_prefix}permissions
			WHERE permission IN ('" . implode("', '", $delete_array) . "')", __FILE__, __LINE__);

		// And just in case any made it into the board_permissions table.
		db_query("
			DELETE FROM {$db_prefix}board_permissions
			WHERE permission IN ('" . implode("', '", $delete_array) . "')", __FILE__, __LINE__);

		redirectexit('action=permissions;sa=custom');
	}

	$context['page_title'] = $txt['custom_permission_manage_title'];
	$context['sub_template'] = 'custom_permissions';
	$context['post_url'] = $scripturl . '?action=permissions;save;sa=custom';
}

function CustomPermissionSettings2()
{
	global $context, $modSettings, $sourcedir, $txt, $scripturl;

	isAllowedTo('admin_forum');
	$perm_array = unserialize($modSettings['custom_permissions']);

	$exists = false;
	foreach($perm_array as $perm)
	{
		if ($perm['permission'] == $_GET['perm'])
		{
			$txt['permissionname_' . $perm['permission']] = $perm['description'];
			$context['description'] = $perm['description'] . ' / allowedTo(\'' . $perm['permission'] . '\')';
			$exists = true;
			break;
		}
	}

	// Maybe someone is checking an existing permission?
	if (!$exists)
	{
		$context['load_permissions'] = true;
		loadAllPermissions();
		$permission_name = str_replace(array('_any', '_own'), '',$_GET['perm']);
		foreach ($context['permission_list'] as $permission)
		{
			if (isset($permission[$permission_name]))
			{
				$context['description'] = $txt['permissionname_' . $permission_name] . ($permission_name == $_GET['perm'] ? '' : ' (' . $txt['permissionname_' . $_GET['perm']] . ')');
				$context['warning'] = in_array($permission_name, $context['non_guest_permissions']) ? $txt['custom_permission_warning'] : '';
				$txt['custom_permission_enable_message'] = $txt['permissionhelp_' . $permission_name];
				$txt['custom_permission_enable_title'] = $_GET['perm'];
				$exists = true;
				break;
			}
		}
		unset($context['permission_list']);
	}

	if (!$exists)
		die('Hacking Attempt!!!');

	if (isset($_REQUEST['save']))
	{
		checkSession();
		save_inline_permissions(array($_GET['perm']));
		redirectexit('action=permissions;sa=custom');
	}

	init_inline_permissions(array($_GET['perm']));

	$context['page_title'] = $txt['custom_permission_enable_title'];
	$context['sub_template'] = 'custom_permissions_enable';

}
// End custom permissions mod.
]]></add>
		</operation>
	</file>
	<file name="$themedir/ManagePermissions.template.php">
		<operation>
			<search position="end" />
			<add><![CDATA[
// Added for Custom permissions mod.
function template_custom_permissions()
{
	global $context, $settings, $options, $scripturl, $txt, $modSettings;

	echo '
	<table class="tborder" width="100%" cellpadding="7" cellspacing="0">
		<tr class="windowbg">
			<td width="75%">', $txt['custom_permission_select'], '</td>
			<td align="right">
				<select onchange="window.location= document.getElementById(\'permissions\').value;" id="permissions">
					<option disabled="disabled" selected="selected" value=" ">', $txt['permissions_select_permission'], '</option>';
		foreach ($context['permissions'] as $permissionType)
		{
			if ($permissionType['id'] == 'board')
				continue;
			foreach ($permissionType['columns'] as $column)
			{
				foreach ($column as $permissionGroup)
				{
					echo '
					<option value="" disabled="disabled">[', $permissionGroup['name'], ']</option>';
					foreach ($permissionGroup['permissions'] as $perm)
					{
						if ($perm['has_own_any'])
							echo '
					<option value="',$scripturl . '?action=permissions;sa=custom2;perm=', $perm['own']['id'], '">&nbsp;&nbsp;&nbsp;', $perm['name'], ' (', $perm['own']['name'], ')</option>
					<option value="',$scripturl . '?action=permissions;sa=custom2;perm=', $perm['any']['id'], '">&nbsp;&nbsp;&nbsp;', $perm['name'], ' (', $perm['any']['name'], ')</option>';
						else
							echo '
					<option value="',$scripturl . '?action=permissions;sa=custom2;perm=', $perm['id'], '">&nbsp;&nbsp;&nbsp;', $perm['name'], '</option>';
					}
				}
			}
		}
	
	echo '
				</select>
			</td>
		</tr>
	</table>';

	echo '
	<div id="admincenter">
		<div>
			<h4 class="titlebg" style="padding: 5px;">', $txt['custom_permission_manage_title'], '</h4>
		</div>';
		
	echo '
		<form name="add_custom" action="', $scripturl, '?action=permissions;sa=custom" method="post" accept-charset="', $context['character_set'], '">
			<table class="tborder" cellspacing="0" cellpadding="5" border="0" width="100%">
				<tr class="catbg">
					<td align="left" colspan="2">', $txt['custom_permission_new'], '</td>
				</tr>
				<tr class="windowbg" valign="bottom" style="height:40px;">
					<td align="right" width="50%">
						<strong>', $txt['custom_permission_name'], ':</strong>
					</td>
					<td>
						<input type="text" name="permission" value="" size="35" />
					</td>
				</tr>
				<tr class="windowbg">
					<td align="right">
						<strong>', $txt['custom_permission_desc'], ':</strong>
					</td>
					<td>
						<input type="text" name="desc" value="" class="input_text" size="35" />
					</td>
				</tr>
				<tr class="windowbg">
					<td colspan="2" align="right">
						<input type="hidden" name="sc" value="', $context['session_id'], '" />
						<input type="submit" name="create" value="', $txt['custom_permission_add'], '" />
					</td>
				</tr>
			</table>
		</form>
	</div>';
		
	if (!empty($context['custom']))
	{
		echo '
		<br />
		<form action="', $scripturl, '?action=permissions;sa=custom" method="post" accept-charset="', $context['character_set'], '">
			<table class="tborder" cellpadding="0" cellspacing="0" width="100%">
				<thead>
					<tr class="titlebg" align="left" style="height:30px;">
						<th>', $txt['custom_permission_name'], '</th>
						<th>', $txt['custom_permission_usage'], '</th>
						<th>', $txt['custom_permission_desc'], '</th>
						<th width="5%">', $txt['smf138'], '</th>
					</tr>
				</thead>
				<tbody>';

		$alternate = false;
		foreach ($context['custom'] as $custom)
		{
			echo '
					<tr class="', $alternate ? 'windowbg' : 'windowbg2', '">
						<td>&nbsp;<a href="', $scripturl, '?action=permissions;sa=custom2;perm=',  $custom['permission'], '">', $custom['permission'], '</a>
						</td>
						<td> allowedTo(\'', $custom['permission'], '\')
						</td>
						<td>
							<div style="float: right; padding: 5px;"><a href="javascript:void(0);" onclick="replaceText(\'', $custom['permission'], '\', document.forms.add_custom.permission); return false;">[', $txt['custom_permission_edit'], ']</a></div>
							<div style="float: left; padding: 5px;">', $custom['description'], '</div>
						</td>
						<td align="center">
							<input type="checkbox" name="delete_custom[]" value="', $custom['permission'], '" />
						</td>
					</tr>';
			$alternate = !$alternate;
		}

		echo '
				</tbody>
			</table>
			<div style="text-align: right; padding: 5px;">
				<input type="hidden" name="sc" value="', $context['session_id'], '" />';

		echo '
				<input type="submit" name="delete" value="', $txt['quickmod_delete_selected'], '" />
			</div>
		</form>
	<br />';
	}
}

function template_custom_permissions_enable()
{
	global $context, $settings, $options, $scripturl, $txt, $modSettings;

	if (!empty($context['permissions']))
	{
		echo '
	<table class="tborder" width="95%" align="center" cellpadding="7" cellspacing="0">
		<tr class="windowbg">
			<td width="75%">', $txt['custom_permission_select'], '</td>
			<td align="right">
				<select onchange="window.location= document.getElementById(\'permissions\').value;" id="permissions">
					<option disabled="disabled" selected="selected" value=" ">', $txt['permissions_select_permission'], '</option>';
			foreach ($context['permissions'] as $permissionType)
			{
				if ($permissionType['id'] == 'board')
					continue;
				foreach ($permissionType['columns'] as $column)
				{
					foreach ($column as $permissionGroup)
					{
						echo '
					<option value="" disabled="disabled">[', $permissionGroup['name'], ']</option>';
						foreach ($permissionGroup['permissions'] as $perm)
						{
							if ($perm['has_own_any'])
								echo '
					<option value="',$scripturl . '?action=permissions;sa=custom2;perm=', $perm['own']['id'], '">&nbsp;&nbsp;&nbsp;', $perm['name'], ' (', $perm['own']['name'], ')</option>
					<option value="',$scripturl . '?action=permissions;sa=custom2;perm=', $perm['any']['id'], '">&nbsp;&nbsp;&nbsp;', $perm['name'], ' (', $perm['any']['name'], ')</option>';
							else
								echo '
					<option value="',$scripturl . '?action=permissions;sa=custom2;perm=', $perm['id'], '">&nbsp;&nbsp;&nbsp;', $perm['name'], '</option>';
						}
					}
				}
			}
	
		echo '
				</select>
			</td>
		</tr>
	</table><br />';
	}

	echo '
	<form action="', $scripturl, '?action=permissions;sa=custom2;perm=' . $_GET['perm'], '" method="post" accept-charset="', $context['character_set'], '">
		<table border="0" cellspacing="0" cellpadding="4" align="center" width="95%" class="tborder">
			<tr class="titlebg">
				<td colspan="2">', $txt['custom_permission_enable_title'], '</td>
			</tr>
			<tr class="windowbg">
				<td colspan="2">', $txt['custom_permission_enable_message'], '</td>
			</tr>
			<tr class="windowbg">
				<td colspan="2"><hr /></td>
			</tr>
			<tr class="windowbg">
				<td width="60%" align="center" valign="top">', $context['description'], '<br />', !empty($context['warning']) ? $context['warning'] : '' , '</td>
				<td valign="top">';
		theme_inline_permissions($_GET['perm']);
		echo '
				</td>
			</tr>
			<tr class="windowbg">	
				<td align="right" colspan="2">
					<input type="submit" name="save" value="', $txt['custom_permission_add'], '" />
					<input type="hidden" name="sc" value="', $context['session_id'], '" />
				</td>
			</tr>
		</table>
	</form>';
}
// End custom permissions mod.
]]></add>
		</operation>
	</file>
</modification>
