﻿<?xml version="1.0"?>
<!DOCTYPE modification SYSTEM "http://www.simplemachines.org/xml/modification">
<!-- - - - - - - - - - - - - - - - - - - - - - - - - - - - - - - - - - - - - - -

	Name: Custom Permissions
	Author: Kays
 - - - - - - - - - - - - - - - - - - - - - - - - - - - - - - - - - - - - - - -->
<modification xmlns="http://www.simplemachines.org/xml/modification" xmlns:smf="http://www.simplemachines.org/">
	<id>Kays:CustomPermissions</id>
	<version>1.0.0</version>

	<file name="$themedir/languages/Modifications.english-utf8.php" error="skip">
		<operation>
			<search position="end" />
			<add><![CDATA[
// Custom Permissions mod.
$txt['permissiongroup_custom'] = 'Custom Permissions';
$txt['permissions_custom_desc'] = 'Use this area to create and maintain custom permissions. Permission names should be alpha-numeric. Underscores are allowed. The description is what appears in the permission listings. Click on the permission name to enable that premission for select member groups. To edit, re-input the permisssion name and add a new description';
$txt['custom_permissions'] = 'Custom Permissions';
$txt['custom_permission_name'] = 'Permission name';
$txt['custom_permission_usage'] = 'Usage';
$txt['custom_permission_desc'] = 'Permission description';
$txt['custom_permission_manage_title'] = 'Manage Custom Permissions';
$txt['custom_permission_enable_title'] = 'Enable Custom Permissions';
$txt['custom_permission_enable_message'] = 'Here you can enable permissions for each member group. To return to this page, Select the permission name on the main page.';
$txt['custom_permission_new'] = 'Add or modify custom permissions';
$txt['custom_permission_add'] = 'Submit';
$txt['custom_permission_edit'] = 'Edit';
$txt['custom_permission_warning'] = '<hr width="50%" /><span class="error">Warning! This is a non-guest permission.</span><br />Do not enable this permission for guests.';
$txt['custom_permission_select'] = 'Check or alter existing permissions for each member group.';

$txt['custom_permission_error_1'] = 'You must input something into both fields. The permission name field should be alpha-numeric.';
$txt['custom_permission_error_2'] = 'The permission name should be alpha-numeric and longer than 4 characters. Underscores "_" are allowed.';
$txt['custom_permission_error_3'] = 'Custom permission name can not be the same as an existing permission name';
// End custom permissions mod.
]]></add>
		</operation>
	</file>

	<file name="$themedir/languages/Modifications.english_british-utf8.php" error="skip">
		<operation>
			<search position="end" />
			<add><![CDATA[
// Custom Permissions mod.
$txt['permissiongroup_custom'] = 'Custom Permissions';
$txt['permissions_custom_desc'] = 'Use this area to create and maintain custom permissions. Permission names should be alpha-numeric. Underscores are allowed. The description is what appears in the permission listings. Click on the permission name to enable that premission for select member groups. To edit, re-input the permisssion name and add a new description';
$txt['custom_permissions'] = 'Custom Permissions';
$txt['custom_permission_name'] = 'Permission name';
$txt['custom_permission_usage'] = 'Usage';
$txt['custom_permission_desc'] = 'Permission description';
$txt['custom_permission_manage_title'] = 'Manage Custom Permissions';
$txt['custom_permission_enable_title'] = 'Enable Custom Permissions';
$txt['custom_permission_enable_message'] = 'Here you can enable permissions for each member group. To return to this page, Select the permission name on the main page.';
$txt['custom_permission_new'] = 'Add or modify custom permissions';
$txt['custom_permission_add'] = 'Submit';
$txt['custom_permission_edit'] = 'Edit';
$txt['custom_permission_warning'] = '<hr width="50%" /><span class="error">Warning! This is a non-guest permission.</span><br />Do not enable this permission for guests.';
$txt['custom_permission_select'] = 'Check or alter existing permissions for each member group.';

$txt['custom_permission_error_1'] = 'You must input something into both fields. The permission name field should be alpha-numeric.';
$txt['custom_permission_error_2'] = 'The permission name should be alpha-numeric and longer than 4 characters. Underscores "_" are allowed.';
$txt['custom_permission_error_3'] = 'Custom permission name can not be the same as an existing permission name';
// End custom permissions mod.
]]></add>
		</operation>
	</file>
</modification>