<?xml version="1.0"?>
<!DOCTYPE package-info SYSTEM "http://www.simplemachines.org/xml/package-info">
<!-- - - - - - - - - - - - - - - - - - - - - - - - - - - - - - - - - - - - - - -

	ATTENTION: If you are trying to install this manually, you should try
	the package manager.  If it will not work for you, please take a look
	at the following for information on this format:
		http://mods.simplemachines.org/docs/manual-install.php

================================================================================

	Name: Custom Permissions
	Author: Kays

--------------------------------------------------------------------------------
This mod will allow you to create custom permissions. Custom permissions can be 
used when one is scripting to include or exclude member groups from doing 
certain actions or viewing certain pages.
 - - - - - - - - - - - - - - - - - - - - - - - - - - - - - - - - - - - - - - -->
<package-info xmlns="http://www.simplemachines.org/xml/package-info" xmlns:smf="http://www.simplemachines.org/">
	<id>Kays:CustomPermissions</id>
	<name>Custom Permissions</name>
	<version>1.0.0</version>
	<type>modification</type>
	
	<install for="1.0.1 - 1.0.99">
		<readme type="inline" parsebbc="true">[color=red]ERROR!![/color] This mod will not install on your version of SMF</readme>
	</install>

	<install for="1.1.1 - 1.1.99">
		<readme type="file" parsebbc="true">readme.txt</readme>
		<modification>install_11.xml</modification>
		<modification>languages.xml</modification>
		<modification>languages_utf8.xml</modification>
		<redirect url="?action=permissions;sa=custom">redirect.txt</redirect> 
	</install>

	<uninstall for="1.1.1 - 1.1.99">
		<readme type="file" parsebbc="true">uninstall.txt</readme>
		<modification reverse="true">install_11.xml</modification>
		<modification reverse="true">languages.xml</modification>
		<modification reverse="true">languages_utf8.xml</modification>
		<redirect url="?action=packages"></redirect> 
	</uninstall>

	<install for="2.0 RC4, 2.0 RC5, 2.0 - 2.0.99">
		<readme type="file" parsebbc="true">readme.txt</readme>
		<modification>install_20.xml</modification>
		<modification>languages.xml</modification>
		<modification>languages_utf8.xml</modification>
		<redirect url="?action=admin;area=permissions;sa=custom">redirect.txt</redirect> 
	</install>

	<uninstall for="2.0 RC4, 2.0 RC5, 2.0 - 2.0.99">
		<readme type="file" parsebbc="true">uninstall.txt</readme>
		<modification reverse="true">install_20.xml</modification>
		<modification reverse="true">languages.xml</modification>
		<modification reverse="true">languages_utf8.xml</modification>
		<redirect url="?action=admin;area=packages;sa=browse"></redirect> 
	</uninstall>
</package-info>
