<?xml version="1.0"?>
<!DOCTYPE package-info SYSTEM "http://www.simplemachines.org/xml/package-info">
<package-info xmlns="http://www.simplemachines.org/xml/package-info" xmlns:smf="http://www.simplemachines.org/">
	<id>.LORD.:TablePlusBBCodes</id>
	<name>Table Plus BBCodes</name>
	<version>1.2</version>
	<type>modification</type>

	<install for="1.1.0 - 1.99.99">
		<readme type="file" parsebbc="true">readme.txt</readme>
		<modification format="xml" type="file">install_1.xml</modification>
		<require-file name="tabletrtd.gif" destination="$imagesdir/bbc" />
	</install>

	<uninstall for="1.1.0 - 1.99.99">
		<modification format="xml" type="file" reverse="true">install_1.xml</modification>
		<remove-file name="$imagesdir/bbc/tabletrtd.gif" />
	</uninstall>

	<install for="2.0 - 2.99.99">
		<readme type="file" parsebbc="true">readme.txt</readme>
		<modification format="xml" type="file">install_2.xml</modification>
		<require-file name="tabletrtd.gif" destination="$imagesdir/bbc" />
	</install>

	<uninstall for="2.0 - 2.99.99">
		<modification format="xml" type="file" reverse="true">install_2.xml</modification>
		<remove-file name="$imagesdir/bbc/tabletrtd.gif" />
	</uninstall>

</package-info>