<?xml version="1.0"?>
<!DOCTYPE modification SYSTEM "http://www.simplemachines.org/xml/modification">
<modification xmlns="http://www.simplemachines.org/xml/modification" xmlns:smf="http://www.simplemachines.org/">
	<name>Hack's Park Shoutbox</name>
	<id>HacksPark:shoutBox</id>
	<version>2.0.2</version>
	<homepage>http://www.hackspark.com/</homepage>
	<file name="$languagedir/Modifications.english.php">
		<operation>
			<search position="replace"><![CDATA[// Hack's Park Shoutbox -->
$txt['sba_title'] = 'Shoutbox';
$txt['sba_link'] = 'Shoutbox Admin';]]></search>
			<add><![CDATA[// Hack's Park Shoutbox -->
$txt['sba_title'] = 'Shoutbox';
$txt['sba_link'] = 'Shoutbox';]]></add>
		</operation>
	</file>
</modification>